"","precipitation","temp_mean","temp_highest","temp_lowest","PM10","PM2.5","humidity","sunshine_sum","sunshine_rate","wind_mean","wind_max"
"∆Ì«‚µµ","2.89270692196713","-0.229319454863653","-0.292880834297285","-0.122073862093329","1.56652424964876","2.00014501688143","0.188267714268432","-0.399982959449913","-0.538838434755397","0.942656884401934","0.751226811327604"
